Title,Authors,First Publish Year,Description
Herland Illustrated,Charlotte Perkins Gilman,2019,Pas de description disponible.
Science fiction,Patrick Parrinder,2013,Pas de description disponible.
Science Fiction,Adam Roberts,2000,Pas de description disponible.
La science-fiction,Jean Gattegno,1971,Pas de description disponible.
Science Fiction,A. Thompson,1971,Pas de description disponible.
Science fiction,Sergius Golowin,1967,Pas de description disponible.
Science fiction,Hans-Joachim Schulz,1986,Pas de description disponible.
SCIENCE FICTION,ROGER LUCKHURST,Information non disponible.,Pas de description disponible.
Science Fiction,Karl Heinz Hering,1968,Pas de description disponible.
Science fiction,E. C. Satterthwaite,Information non disponible.,Pas de description disponible.
